endOfGameStatDescs,iconPath,id,longDesc,name,shortDesc,tooltip
['Total damage: @eogvar1@'],/lol-game-data/assets/v1/perk-images/Styles/Domination/Bully/Bully.png,8126,Damaging champions with <b>impaired movement or actions</b> deals 12 - 30 bonus true damage (based on level).<br><br>Cooldown: 4s<br><rules>Activates on damage occurring after the impairment.</rules>,Cheap Shot,"Deal bonus true damage to enemy champions with <lol-uikit-tooltipped-keyword key=""LinkTooltip_Description_ImpairAct"">impaired movement or actions</lol-uikit-tooltipped-keyword>. ",Damaging champions with <b>impaired movement or actions</b> deals 12 - 30 bonus true damage (based on level).<br><br>Cooldown: 4s<br><rules>Activates on damage occurring after the impairment.</rules><br><hr><br>Current Damage: @f2@<br>Total bonus damage dealt: @f1@
[],/lol-game-data/assets/v1/perk-images/Styles/RunesIcon.png,8415,+130 Health,The Arcane Colossus,<pathBonus><pathResolve>Resolve</pathResolve> + <pathSorcery>Sorcery</pathSorcery> Set Bonus</pathBonus>,<pathResolve>Resolve</pathResolve> + <pathSorcery>Sorcery</pathSorcery><br>+130 Health
['Total Bonus Damage: @eogvar1@'],/lol-game-data/assets/v1/perk-images/Styles/Precision/GiantSlayer/GiantSlayer.png,8017,"Deal 4% more damage to champions with 150 more max health than you, increasing to 10% at 2000 more max health.",Cut Down,Deal more damage to champions with more max health than you.,"Deal 4% more damage to champions with 150 more max health than you, increasing to 10% at 2000 more max health.<br><br><rules>Minimum bonus is 4%.<br>Maximum bonus is granted against champions with 2000 or more health than you.</rules><br><hr><br>Total bonus damage: <scaleAD>@f1@</scaleAD>"
['Total Healing: @eogvar1@'],/lol-game-data/assets/v1/perk-images/Styles/Domination/Feast/GreenTerror_Feast.png,8139,"Heal when you damage an enemy champion.<br><br>Healing: 18-35 (+0.2 bonus AD, +0.1 AP) health (based on level)<br><br>Cooldown: 20s",Taste of Blood,Heal when you damage an enemy champion.,Heal when you damage an enemy champion.<br><br>Healing: <font color='#ffffff'>@f2@</font> (+<scaleAD>@f3@</scaleAD>) (+<scaleAP>@f4@</scaleAP>)<br><br>Cooldown: 20s<br><hr><br>Total Healing: @f1@
"['Total Damage: @eogvar1@', 'Bonus Damage: @eogvar2@', 'Expose Damage: @eogvar3@']",/lol-game-data/assets/v1/perk-images/Styles/Precision/PressThreeAttacks/PressThreeAttacks.png,8005,"Hitting an enemy champion with 3 consecutive basic attacks deals 30 - 120 bonus <lol-uikit-tooltipped-keyword key='LinkTooltip_Description_AdaptiveDmg'><font color='#48C4B7'>adaptive damage</font></lol-uikit-tooltipped-keyword> (based on level) and makes them vulnerable, increasing the damage they take by 12% from all sources for 6s.",Press the Attack,"Hitting an enemy champion 3 consecutive times makes them vulnerable, dealing bonus damage and causing them to take more damage from all sources for 6s.","Hitting an enemy champion with 3 consecutive basic attacks deals <scaleLevel>@f4@</scaleLevel> bonus <lol-uikit-tooltipped-keyword key='LinkTooltip_Description_AdaptiveDmg'><font color='#48C4B7'>adaptive damage</font></lol-uikit-tooltipped-keyword> (based on level) and makes them vulnerable, increasing the damage they take by 12% from all sources for 6s.<br><hr><br>Bonus Damage Dealt: <scaleAD>@f2@</scaleAD><br>Total Exposure Damage: <scaleAD>@f3@</scaleAD>"
['Total Healing: @eogvar1@'],/lol-game-data/assets/v1/perk-images/Styles/Precision/KSFleetFootwork/KSFleetFootwork.png,8021,"Attacking and moving builds Energy stacks. At 100 stacks, your next attack is Energized.<br><br>Energized attacks heal you for 5 - 50 (+0.1 Bonus AD, +0.2 AP) and grant +30% Movement Speed for 1s.<br><rules>Healing is 60% as effective when used on a minion.</rules>",Fleet Footwork,"Attacking and moving builds Energy stacks. At 100 stacks, your next attack heals you and grants increased <lol-uikit-tooltipped-keyword key=""LinkTooltip_Description_MS"">MS</lol-uikit-tooltipped-keyword>.","Attacking and moving builds Energy stacks. At 100 stacks, your next attack is Energized.<br><br>Energized attacks heal you for <font color='#ffffff'>@f2@</font> (+<scaleAD>@f3@</scaleAD>) (+<scaleAP>@f4@</scaleAP>) and grant +30% Movement Speed for 1s.<br><rules>Healing is 60% as effective when used on a minion.</rules><br><hr><br>Total Healing: @f1@"
['Total Bonus CDR: @eogvar1@'],/lol-game-data/assets/v1/perk-images/Styles/Sorcery/UltiMore/UltiMore.png,8243,"Your ultimate's cooldown is reduced by 5%. Each time you cast your ultimate, its cooldown is further reduced by 2%. Stacks up to 5 times.",The Ultimate Hat,"Your ultimate's cooldown is reduced. Each time you cast your ultimate, its cooldown is further reduced.","Your ultimate's cooldown is reduced by 5%. Each time you cast your ultimate, its cooldown is further reduced by 2%. Stacks up to 5 times.<br><hr><br>Ultimate Cooldown Reduction: +@f1*100@%<br>Stacks: @f3@/5"
['Bonus Minion Damage Dealt: @eogvar1@'],/lol-game-data/assets/v1/perk-images/Styles/Inspiration/TheClearChoice/TheClearChoice.png,8316,"Start the game with 6 Minion Dematerializers that kill and absorb lane minions instantly. Minion Dematerializers are on cooldown for the first 155s of the game.<br><br>Absorbing a minion increases your damage by +4% against that type of minion permanently, and an extra +1% for each additional minion of that type absorbed.<br>",Minion Dematerializer,Start the game with 6 Minion Dematerializers. Killing minions with the item gives permanent bonus damage vs. that minion type.,"Start the game with 6 Minion Dematerializers that kill and absorb lane minions instantly. Minion Dematerializers are on cooldown for the first 155s of the game.<br><br>Absorbing a minion increases your damage by +4% against that type of minion permanently, and an extra +1% for each additional minion of that type absorbed.<br><br><hr><br>Melee Bonus Damage: +@f1@%<br>Caster Bonus Damage: +@f2@%<br>Siege Bonus Damage: +@f3@%"
[],/lol-game-data/assets/v1/perk-images/Styles/RunesIcon.png,8004,+18% Attack Speed,The Brazen Perfect,<pathBonus><pathPrecision>Precision</pathPrecision> + <pathSorcery>Sorcery</pathSorcery> Set Bonus</pathBonus>,<pathPrecision>Precision</pathPrecision> + <pathSorcery>Sorcery</pathSorcery><br>+18% Attack Speed
['Time Completed: @eogvar1@:@eogvar2@'],/lol-game-data/assets/v1/perk-images/Styles/Precision/Legend_Heroism.png,9104,"Gain 3% attack speed plus an additional 1.5% for every <i>Legend</i> stack (max 10 stacks).<br><br>Earn progress toward <i>Legend</i> stacks for every champion takedown, epic monster takedown, large monster kill, and minion kill.",Legend: Alacrity,"<lol-uikit-tooltipped-keyword key=""LinkTooltip_Description_Takedown"">Takedowns</lol-uikit-tooltipped-keyword> on enemies grant permanent <b>Attack Speed</b>. ","Gain 3% attack speed plus an additional 1.5% for every <i>Legend</i> stack (max 10 stacks).<br><br>Earn progress toward <i>Legend</i> stacks for every champion takedown, epic monster takedown, large monster kill, and minion kill.<br><hr><br>Total Attack Speed added: <scaleAD>@f1*100@%</scaleAD> (@f3@ of 10)<br>Progress towards next stack: @f2@%"
[],/lol-game-data/assets/v1/perk-images/Styles/RunesIcon.png,8220,"+15 Attack Damage or +25 Ability Power, <lol-uikit-tooltipped-keyword key='LinkTooltip_Description_Adaptive'><font color='#48C4B7'>Adaptive</font></lol-uikit-tooltipped-keyword>",The Calamity,<pathBonus><pathSorcery>Sorcery</pathSorcery> + <pathDomination>Domination</pathDomination> Set Bonus</pathBonus>,"<pathSorcery>Sorcery</pathSorcery> + <pathDomination>Domination</pathDomination><br>+15 Attack Damage or +25 Ability Power, <lol-uikit-tooltipped-keyword key='LinkTooltip_Description_Adaptive'><font color='#48C4B7'>Adaptive</font></lol-uikit-tooltipped-keyword><br>Current Bonus: <scaleAD>+@f1@ <scaleAD>Attack Damage</scaleAD></scaleAD>"
[],/lol-game-data/assets/v1/perk-images/Styles/RunesIcon.png,8016,+18% Attack Speed,The Merciless Elite,<pathBonus><pathPrecision>Precision</pathPrecision> + <pathDomination>Domination</pathDomination> Set Bonus</pathBonus>,<pathPrecision>Precision</pathPrecision> + <pathDomination>Domination</pathDomination><br>+18% Attack Speed
['Total Damage Dealt: @eogvar1@'],/lol-game-data/assets/v1/perk-images/Styles/Resolve/VeteranVengeance/VeteranVengeance.png,8439,"After immobilizing an enemy champion, increase your Armor and Magic Resist by 20 + 30% for 2.5s. Then explode, dealing magic damage to nearby enemies.<br><br>Damage: 40 - 140 (+3.5% of your maximum health)<br>Cooldown: 20s",Aftershock,"After <lol-uikit-tooltipped-keyword key=""LinkTooltip_Description_Immobilize"">immobilizing</lol-uikit-tooltipped-keyword> an enemy champion gain defenses and later deal a burst of <lol-uikit-tooltipped-keyword key=""LinkTooltip_Description_AdaptiveDmg"">adaptive damage</lol-uikit-tooltipped-keyword> around you.","After immobilizing an enemy champion, increase your Armor and Magic Resist by 20 + 30% for 2.5s. Then explode, dealing magic damage to nearby enemies.<br><br>Damage: 40 - 140 (+3.5% of your maximum health)<br>Cooldown: 20s<br><hr><br>Total damage dealt: <scaleAD>@f1@</scaleAD><br>Armor buff: @f2@<br>Magic Resist buff: @f3@"
['Biscuits Received: @eogvar1@'],/lol-game-data/assets/v1/perk-images/Styles/Inspiration/BiscuitsAndBonuses/BiscuitsAndBonuses.png,8345,"Biscuit Delivery: Gain a Total Biscuit of Everlasting Will every 3 mins, until 12 min.<br><br>Biscuits restore 15% of your missing health and mana. Consuming any Biscuit increases your mana cap by 40 mana permanently. <br><br><i>Manaless:</i> Champions without mana restore 20% missing health instead.",Biscuit Delivery,"Gain a free Biscuit every 3 min, until 12 min. Consuming a Biscuit permanently increases your max mana and restores health and mana.","Biscuit Delivery: Gain a Total Biscuit of Everlasting Will every 3 mins, until 12 min.<br><br>Biscuits restore 15% of your missing health and mana. Consuming any Biscuit increases your mana cap by 40 mana permanently. <br><br><i>Manaless:</i> Champions without mana restore 20% missing health instead.<br><hr><br>Biscuits Gained: @f1@/@f2@"
['Total Active Time: @eogvar1@'],/lol-game-data/assets/v1/perk-images/Styles/Precision/FlowofBattle/FlowofBattleTemp.png,8008,1.5s after damaging a champion gain 30 - 80% Attack Speed (based on level) for 3s. Attacking a champion extends the effect to 6s.<br><br>Cooldown: 10s<br><br>Lethal Tempo allows you to temporarily exceed the attack speed limit.,Lethal Tempo,1.5s after damaging a champion gain a large amount of Attack Speed. Lethal Tempo allows you to temporarily exceed the attack speed limit.,1.5s after damaging a champion gain 30 - 80% Attack Speed (based on level) for 3s. Attacking a champion extends the effect to 6s.<br><br>Cooldown: 10s<br><br>Lethal Tempo allows you to temporarily exceed the attack speed limit.<br><hr><br>Total Time Active: @f1@s
['Total Damage Dealt: @eogvar1@'],/lol-game-data/assets/v1/perk-images/Styles/Domination/KSSoulReaper/KSSoulReaper.png,8128,"Champions, large minions, and large monsters drop soul essence on death. Collect souls to become <font color='#c60300'>Soul Charged</font>. Your next attack on a champion or structure consumes <font color='#c60300'>Soul Charged</font> to deal bonus <lol-uikit-tooltipped-keyword key='LinkTooltip_Description_AdaptiveDmg'><font color='#48C4B7'>adaptive damage</font></lol-uikit-tooltipped-keyword>.<br><br><font color='#c60300'>Soul Charged</font> lasts 20s, increased to 300s after collecting 150 soul essence.<br><br>Bonus damage: 40 - 80 (+<scaleAD>0.25 bonus AD</scaleAD>) (+<scaleAP>0.2 AP</scaleAP>) + soul essence collected.<br><rules><br>Champions - 6 soul essence.<br>Monsters - 2 soul essence.<br>Minions - 4 soul essence.</rules>",Dark Harvest,"Champions, large minions, and large monsters drop soul essence on death. Touch souls to absorb them and deal bonus <lol-uikit-tooltipped-keyword key=""LinkTooltip_Description_AdaptiveDmg"">adaptive damage</lol-uikit-tooltipped-keyword> on your next attack based on total soul essence collected.","Champions, large minions, and large monsters drop soul essence on death. Collect souls to become <font color='#c60300'>Soul Charged</font>. Your next attack on a champion or structure consumes <font color='#c60300'>Soul Charged</font> to deal bonus <lol-uikit-tooltipped-keyword key='LinkTooltip_Description_AdaptiveDmg'><font color='#48C4B7'>adaptive damage</font></lol-uikit-tooltipped-keyword>.<br><br><font color='#c60300'>Soul Charged</font> lasts 20s, increased to 300s after collecting 150 soul essence.<br><br>Bonus damage: <font color='#ffffff'>@f2@</font> (+<scaleAD>@f5@</scaleAD>) (+<scaleAP>@f6@</scaleAP>) + <font color='#c60300'>@f3@ soul essence</font><br><rules><br>Champions - 6 soul essence.<br>Monsters - 2 soul essence.<br>Minions - 4 soul essence.</rules><br><br><hr><br>Total Damage Dealt: <font color='#ffffff'>@f1@</font>"
['--'],/lol-game-data/assets/v1/perk-images/Styles/Inspiration/Intelligence/Intelligence.png,8347,+5% CDR<br>+5% Max CDR<br>+5% Summoner Spell CDR<br>+5% Item CDR,Cosmic Insight,"+5% <lol-uikit-tooltipped-keyword key=""LinkTooltip_Description_CDR"">CDR</lol-uikit-tooltipped-keyword><br>+5% Max CDR<br>+5% Summoner Spell CDR<br>+5% Item CDR",+5% CDR<br>+5% Max CDR<br>+5% Summoner Spell CDR<br>+5% Item CDR
['Time Spent Hasted: @eogvar1@'],/lol-game-data/assets/v1/perk-images/Styles/Resolve/HotPursuit/HotPursuit.png,8410,Gain 10% Movement Speed towards nearby ally champions that are movement impaired or enemy champions that you impair. <br><br>Range: 1000,Approach Velocity,"Bonus <lol-uikit-tooltipped-keyword key=""LinkTooltip_Description_MS"">MS</lol-uikit-tooltipped-keyword> towards nearby ally champions that are <lol-uikit-tooltipped-keyword key=""LinkTooltip_Description_ImpairMov"">movement impaired</lol-uikit-tooltipped-keyword> or enemy champions that you impair.",Gain 10% Movement Speed towards nearby ally champions that are movement impaired or enemy champions that you impair. <br><br>Range: 1000<br><hr><br>Time Spent Hasted: @f1@s
['Total adaptive stat gained: @eogvar1@'],/lol-game-data/assets/v1/perk-images/Styles/Sorcery/Overcharger/Overcharger.png,8210,Gain 10% CDR when you reach level 10.<br><br>Each percent of CDR exceeding the CDR limit is converted to an <lol-uikit-tooltipped-keyword key='LinkTooltip_Description_Adaptive'><font color='#48C4B7'>adaptive</font></lol-uikit-tooltipped-keyword> bonus of 1.2 Attack Damage or 2 Ability Power.,Transcendence,"Gain 10% <lol-uikit-tooltipped-keyword key=""LinkTooltip_Description_CDR"">CDR</lol-uikit-tooltipped-keyword> when you reach level 10. Excess CDR becomes AP or AD, <lol-uikit-tooltipped-keyword key=""LinkTooltip_Description_Adaptive"">adaptive</lol-uikit-tooltipped-keyword>.",Gain 10% CDR when you reach level 10.<br><br>Each percent of CDR exceeding the CDR limit is converted to an <lol-uikit-tooltipped-keyword key='LinkTooltip_Description_Adaptive'><font color='#48C4B7'>adaptive</font></lol-uikit-tooltipped-keyword> bonus of 1.2 Attack Damage or 2 Ability Power.<br><hr><br>Cooldown Reduction: +@f4*100@%<br>Current Bonus: <scaleAD>+@f1@ <scaleAD>Attack Damage</scaleAD></scaleAD>
['Timing: Perfect'],/lol-game-data/assets/v1/perk-images/Styles/Style5/AllInGoodTime/AllInGoodTime.png,8313,"Start the game with a Commencing Stopwatch that transforms into a Stopwatch after 6 min. Stopwatch has a one time use Stasis effect.<br><br>Reduces the cooldown of Zhonya's Hourglass, Guardian Angel, and Gargoyle Stoneplate by 15%.",Perfect Timing,"Gain a free Stopwatch. Stopwatch has a one time use <lol-uikit-tooltipped-keyword key=""LinkTooltip_Description_Stasis"">Stasis</lol-uikit-tooltipped-keyword> effect.","Start the game with a Commencing Stopwatch that transforms into a Stopwatch after 6 min. Stopwatch has a one time use Stasis effect.<br><br>Reduces the cooldown of Zhonya's Hourglass, Guardian Angel, and Gargoyle Stoneplate by 15%."
['Total Bonus AD/AP: @eogvar1@'],/lol-game-data/assets/v1/perk-images/Styles/Sorcery/SpeedDemon/SpeedDemonTemp.png,8234,"Gain 4% increased Movement Speed and add 8% of your Bonus Movement Speed to your AP or AD, <lol-uikit-tooltipped-keyword key='LinkTooltip_Description_Adaptive'><font color='#48C4B7'>adaptive</font></lol-uikit-tooltipped-keyword>. ",Celerity,"Gain 4% extra <lol-uikit-tooltipped-keyword key=""LinkTooltip_Description_MS"">MS</lol-uikit-tooltipped-keyword>. Gain extra AP or AD, <lol-uikit-tooltipped-keyword key=""LinkTooltip_Description_Adaptive"">adaptive</lol-uikit-tooltipped-keyword> based on your bonus MS. ","Gain 4% increased Movement Speed and add 8% of your Bonus Movement Speed to your AP or AD, <lol-uikit-tooltipped-keyword key='LinkTooltip_Description_Adaptive'><font color='#48C4B7'>adaptive</font></lol-uikit-tooltipped-keyword>. <br><hr><br>Current Bonus: <scaleAD>+@f1@ <scaleAD>Attack Damage</scaleAD></scaleAD>"
['Time Completed: @eogvar1@:@eogvar2@'],/lol-game-data/assets/v1/perk-images/Styles/Precision/Legend_Tenacity.png,9105,"Gain 5% tenacity plus an additional 1.5% for every <i>Legend</i> stack (max 10 stacks).<br><br>Earn progress toward <i>Legend</i> stacks for every champion takedown, epic monster takedown, large monster kill, and minion kill.",Legend: Tenacity,"<lol-uikit-tooltipped-keyword key=""LinkTooltip_Description_Takedown"">Takedowns</lol-uikit-tooltipped-keyword> on enemies grant permanent <b>Tenacity</b>. ","Gain 5% tenacity plus an additional 1.5% for every <i>Legend</i> stack (max 10 stacks).<br><br>Earn progress toward <i>Legend</i> stacks for every champion takedown, epic monster takedown, large monster kill, and minion kill.<br><hr><br>Total tenacity granted: <scaleAD>@f1*100@%</scaleAD> (@f3@ of 10)<br>Progress towards next stack: @f2@%"
['Percent of game active: @eogvar1@%'],/lol-game-data/assets/v1/perk-images/Styles/Resolve/NemFighter/NemFighter.png,8429,After 10 min gain +8 Armor and +8 Magic Resist and increase your Armor and Magic Resist by 5%.,Conditioning,After 10 min gain +8 Armor and +8 Magic Resist and increase your Armor and Magic Resist by 5%.,After 10 min gain +8 Armor and +8 Magic Resist and increase your Armor and Magic Resist by 5%.<br><br>Armor Gained: @f3@ <scaleArmor>(+@f4@)</scaleArmor><br>Resist Gained: @f5@ <scaleMR>(+@f6@)</scaleMR>
"['Damage Dealt: @eogvar1@', 'Damage Shielded: @eogvar2@']",/lol-game-data/assets/v1/perk-images/Styles/Sorcery/KSPerxie/KSPerxie.png,8214,"Your attacks and abilities send Aery to a target, damaging enemy champions or shielding allies.<br><br>Damage: 15 - 40 based on level (+<scaleAP>0.1 AP</scaleAP> and +<scaleAD>0.15 bonus AD</scaleAD>)<br>Shield: 30 - 80 based on level (+<scaleAP>0.25 AP</scaleAP> and +<scaleAD>0.4 bonus AD</scaleAD>) <br><br>Aery cannot be sent out again until she returns to you.",Summon Aery,"Your attacks and abilities send Aery to a target, damaging enemies or shielding allies.","Your attacks and abilities send Aery to a target, damaging enemy champions or shielding allies. Aery cannot be sent out again until she returns to you.<br><br>Damage: <font color='#FFFFFF'>@f5@</font> (+<scaleAP>@f6@</scaleAP>) (+<scaleAD>@f7@</scaleAD>)<br>Shield: <font color='#FFFFFF'>@f8@</font> (+<scaleAP>@f9@</scaleAP>) (+<scaleAD>@f10@</scaleAD>) <br><hr><br>Aery has attacked enemies <font color='#FFFFFF'>@f1@</font> times for a total of <font color='#FFFFFF'>@f3@</font> damage.<br>Aery has helped allies <font color='#FFFFFF'>@f2@</font> times, shielding a total of <font color='#FFFFFF'>@f4@</font> damage."
['Bonus Magic Resist: @eogvar1@'],/lol-game-data/assets/v1/perk-images/Styles/Resolve/NemMage/NemMage.png,8435,"Gain +5 Magic Resist. <br><br>Heal effects from consumables, heals for at least 20 health and shields increase your Magic Resist by 5% for 3s. ",Mirror Shell,"Gain +5 Magic Resist. <br>Heals, including consumables, increase your Magic Resist by 5% temporarily.<br>","Gain +5 Magic Resist. <br><br>Heal effects from consumables, heals for at least 20 health and shields increase your Magic Resist by 5% for 3s. "
[],/lol-game-data/assets/v1/perk-images/Styles/RunesIcon.png,8115,"+11 Attack Damage or +18 Ability Power, <lol-uikit-tooltipped-keyword key='LinkTooltip_Description_Adaptive'><font color='#48C4B7'>Adaptive</font></lol-uikit-tooltipped-keyword>",The Aether Blade,<pathBonus><pathDomination>Domination</pathDomination> + <pathSorcery>Sorcery</pathSorcery> Set Bonus</pathBonus>,"<pathDomination>Domination</pathDomination> + <pathSorcery>Sorcery</pathSorcery><br>+11 Attack Damage or +18 Ability Power, <lol-uikit-tooltipped-keyword key='LinkTooltip_Description_Adaptive'><font color='#48C4B7'>Adaptive</font></lol-uikit-tooltipped-keyword><br>Current Bonus: <scaleAD>+@f1@ <scaleAD>Attack Damage</scaleAD></scaleAD>"
['Total Damage Dealt: @eogvar1@'],/lol-game-data/assets/v1/perk-images/Styles/Sorcery/KSDoomsayer/KSDoomsayer.png,8229,"Damaging a champion with an ability hurls a comet at their location, or, if Arcane Comet is on cooldown, reduces its remaining cooldown.<br><br><lol-uikit-tooltipped-keyword key='LinkTooltip_Description_AdaptiveDmg'><font color='#48C4B7'>Adaptive Damage</font></lol-uikit-tooltipped-keyword>: 30 - 100 based on level (<scaleAP>+0.2 AP</scaleAP> and <scaleAD>+0.35 bonus AD</scaleAD>)<br>Cooldown: 20 - 8s<br><rules><br>Cooldown Reduction:<br>Single Target: 20%.<br>Area of Effect: 10%.<br>Damage over Time: 5%.<br></rules>",Arcane Comet,Damaging a champion with an ability hurls a damaging comet at their location.,"Damaging a champion with an ability hurls a comet at their location, or, if Arcane Comet is on cooldown, reduces its remaining cooldown.<br><rules><br>Cooldown Reduction:<br>Single Target: 20%.<br>Area of Effect: 10%.<br>Damage over Time: 5%.<br></rules><br>Damage: <font color='#FFFFFF'>@f5@</font> (+<scaleAP>@f6@</scaleAP>) (+<scaleAD>@f7@</scaleAD>)<br>Cooldown: @f2@s<br><hr><br>You have hit with @f3@% of comets fired, for a total of @f1@ damage to champions."
['Total Stacks: @eogvar1@'],/lol-game-data/assets/v1/perk-images/Styles/Domination/InsatiableHunter/InsatiableHunter.png,8135,Heal for a percentage of the damage dealt by your abilities.<br>Healing: 2.5% + 2.5% per <i>Bounty Hunter</i> stack. <br><br>Earn a <i>Bounty Hunter</i> stack the first time you get a takedown on each enemy champion.<br><rules><br>Healing reduced to one third for Area of Effect abilities.</rules><br>,Ravenous Hunter,"<b>Unique</b> <lol-uikit-tooltipped-keyword key=""LinkTooltip_Description_Takedown"">takedowns</lol-uikit-tooltipped-keyword> grant permanent healing from ability damage. ",Heal for a percentage of the damage dealt by your abilities.<br>Healing: 2.5% + 2.5% per <i>Bounty Hunter</i> stack. <br><br>Earn a <i>Bounty Hunter</i> stack the first time you get a takedown on each enemy champion.<br><rules><br>Healing reduced to one third for Area of Effect abilities.</rules><br><br><hr><br>Stacks earned: @f1@/5<br>Current Healing: @f2.1@%
['Total shield granted: @eogvar1@'],/lol-game-data/assets/v1/perk-images/Styles/Sorcery/PokeShield/Pokeshield.png,8224,"When you take magic damage that would reduce your Health below 30%, gain a shield that absorbs 40 - 120 magic damage based on level (<scaleAP>+0.1 AP</scaleAP> and <scaleAD>+0.15 bonus AD</scaleAD>) for 4s.<br><br>Cooldown: 60s",Nullifying Orb,Gain a magic damage shield when taken to low health by magic damage.,"When you take magic damage that would reduce your Health below 30%, gain a shield that absorbs <font color='#ffffff'>@f2@</font> (+<scaleAD>@f3@</scaleAD>) (+<scaleAP>@f4@</scaleAP>) magic damage for 4s.<br><br>Cooldown: 60s<br><hr><br>Total Magic Damage Blocked: @f1@"
['Total Shield Strength: @eogvar1@'],/lol-game-data/assets/v1/perk-images/Styles/Resolve/KSBuddyShield/KSBuddyShield.png,8465,"<i>Guard</i> allies within 175 units of you, and allies you target with spells for 2.5s. While <i>Guarding</i>, if you or the ally take damage, both of you gain a shield and are hasted for 1.5s.<br><br>Cooldown: 45s<br>Shield: 60 - 150 +(<scaleAP>0.2 AP</scaleAP>) + (<scalehealth>+10% bonus health</scalehealth>).<br>Haste: +20% Movement Speed.",Guardian,"Guard allies you cast spells on and those that are very nearby. If you or a guarded ally would take damage, you're both hasted and granted a shield.","<i>Guard</i> allies within 175 units of you, and allies you target with spells for 2.5s. While <i>Guarding</i>, if you or the ally take damage, both of you gain a shield and are hasted for 1.5s.<br><hr><br>Cooldown: 45s<br>Current shield strength: @f2@ + (<scaleAP>@f3@</scaleAP>) + (<scaleHealth>@f4@</scaleHealth>).<br>Haste: 20% increased Movement Speed."
['Total Bonus Max Health: @eogvar1@'],/lol-game-data/assets/v1/perk-images/Styles/Resolve/HealthBandit/HealthBandit.png,8451,Permanently gain 0.2% maximum health for every 8 monsters or enemy minions that die near you.,Overgrowth,Gain additional permanent max health when minions or monsters die near you.,Permanently gain 0.2% maximum health for every 8 monsters or enemy minions that die near you.<br><hr><br>Total Max Health Earned: <scaleHealth>@f1@ (@f2*100.1@%)</scaleHealth>
[],/lol-game-data/assets/v1/perk-images/Styles/RunesIcon.png,8454,+130 Health,The Leviathan,<pathBonus><pathResolve>Resolve</pathResolve> + <pathDomination>Domination</pathDomination> Set Bonus</pathBonus>,<pathResolve>Resolve</pathResolve> + <pathDomination>Domination</pathDomination><br>+130 Health
['Total Bonus AD/AP: @eogvar1@'],/lol-game-data/assets/v1/perk-images/Styles/Domination/WardSlayer/WardSlayer.png,8138,"Collect eyeballs for champion and ward takedowns. Gain an <lol-uikit-tooltipped-keyword key='LinkTooltip_Description_Adaptive'><font color='#48C4B7'>adaptive</font></lol-uikit-tooltipped-keyword> bonus of 0.6 Attack Damage or 1 Ability Power, per eyeball collected. <br><br>Upon completing your collection at 20 eyeballs, additionally gain an <lol-uikit-tooltipped-keyword key='LinkTooltip_Description_Adaptive'><font color='#48C4B7'>adaptive</font></lol-uikit-tooltipped-keyword> bonus of 6 Attack Damage, or 10 Ability Power.<br><br>Collect 2 eyeballs per champion takedown, 1 eyeball per ward takedown.",Eyeball Collection,"Collect eyeballs for champion and ward <lol-uikit-tooltipped-keyword key=""LinkTooltip_Description_Takedown"">takedowns</lol-uikit-tooltipped-keyword>. Gain permanent AD or AP, <lol-uikit-tooltipped-keyword key=""LinkTooltip_Description_Adaptive"">adaptive</lol-uikit-tooltipped-keyword> for each eyeball plus bonus upon collection completion.","Collect eyeballs for champion and ward takedowns. Gain an <lol-uikit-tooltipped-keyword key='LinkTooltip_Description_Adaptive'><font color='#48C4B7'>adaptive</font></lol-uikit-tooltipped-keyword> bonus of 0.6 Attack Damage or 1 Ability Power, per eyeball collected. <br><br>Upon completing your collection at 20 eyeballs, additionally gain an <lol-uikit-tooltipped-keyword key='LinkTooltip_Description_Adaptive'><font color='#48C4B7'>adaptive</font></lol-uikit-tooltipped-keyword> bonus of 6 Attack Damage, or 10 Ability Power.<br><br>Collect 2 eyeballs per champion takedown, 1 eyeball per ward takedown.<br><hr><br>Adapative Force Gained: @f1@<br>Eyeballs Collected: @f3@/20"
[],/lol-game-data/assets/v1/perk-images/Styles/RunesIcon.png,8207,"+15 Attack Damage or +25 Ability Power, <lol-uikit-tooltipped-keyword key='LinkTooltip_Description_Adaptive'><font color='#48C4B7'>Adaptive</font></lol-uikit-tooltipped-keyword>",The Cryptic,<pathBonus><pathSorcery>Sorcery</pathSorcery> + <pathInspiration>Inspiration</pathInspiration> Set Bonus</pathBonus>,"<pathSorcery>Sorcery</pathSorcery> + <pathInspiration>Inspiration</pathInspiration><br>+15 Attack Damage or +25 Ability Power, <lol-uikit-tooltipped-keyword key='LinkTooltip_Description_Adaptive'><font color='#48C4B7'>Adaptive</font></lol-uikit-tooltipped-keyword><br>Current Bonus: <scaleAD>+@f1@ <scaleAD>Attack Damage</scaleAD></scaleAD>"
['Total activations: @eogvar1@'],/lol-game-data/assets/v1/perk-images/Styles/Sorcery/KSSpellslingersSurge/KSSpellslingersSurge.png,8230,"Hitting an enemy champion with 3 attacks or <b>separate</b> abilities within 3s grants 15 - 40% Movement Speed based on level.<br><br>Duration: 3s<br>Cooldown: 15s<br><i>Melee:</i> Additionally, gain 75% Slow Resistance for the duration.",Phase Rush,"Hitting an enemy champion with 3 <b>separate</b> attacks or abilities grants a burst of <lol-uikit-tooltipped-keyword key=""LinkTooltip_Description_MS"">MS</lol-uikit-tooltipped-keyword>. ","Hitting an enemy champion with 3 attacks or <b>separate</b> abilities within 3s grants 15 - 40% Movement Speed based on level.<br><br>Duration: 3s<br>Cooldown: 15s<br><i>Melee:</i> Additionally, gain 75% Slow Resistance for the duration.<br><hr><br>Haste Bonus: @f2.2*100@%"
[],/lol-game-data/assets/v1/perk-images/Styles/RunesIcon.png,8109,"+11 Attack Damage or +18 Ability Power, <lol-uikit-tooltipped-keyword key='LinkTooltip_Description_Adaptive'><font color='#48C4B7'>Adaptive</font></lol-uikit-tooltipped-keyword>",The Ingenious Hunter,<pathBonus><pathDomination>Domination</pathDomination> + <pathInspiration>Inspiration</pathInspiration> Set Bonus</pathBonus>,"<pathDomination>Domination</pathDomination> + <pathInspiration>Inspiration</pathInspiration><br>+11 Attack Damage or +18 Ability Power, <lol-uikit-tooltipped-keyword key='LinkTooltip_Description_Adaptive'><font color='#48C4B7'>Adaptive</font></lol-uikit-tooltipped-keyword><br>Current Bonus: <scaleAD>+@f1@ <scaleAD>Attack Damage</scaleAD></scaleAD>"
['Total Stacks: @eogvar1@'],/lol-game-data/assets/v1/perk-images/Styles/Domination/ProlificHunter/ProlificHunter.png,8105,Gain 8 <b>out of combat Movement Speed</b> plus 8 per <i>Bounty Hunter</i> stack.<br><br>Earn a <i>Bounty Hunter</i> stack the first time you get a takedown on each enemy champion.,Relentless Hunter,"<b>Unique</b> <lol-uikit-tooltipped-keyword key=""LinkTooltip_Description_Takedown"">takedowns</lol-uikit-tooltipped-keyword> grant permanent <b>out of combat <lol-uikit-tooltipped-keyword key=""LinkTooltip_Description_MS"">MS</lol-uikit-tooltipped-keyword></b>. ",Gain 8 <b>out of combat Movement Speed</b> plus 8 per <i>Bounty Hunter</i> stack.<br><br>Earn a <i>Bounty Hunter</i> stack the first time you get a takedown on each enemy champion.<br><hr><br>Stacks earned: @f1@/5
"['Bonus Healing: @eogvar1@', 'Bonus Shielding: @eogvar2@']",/lol-game-data/assets/v1/perk-images/Styles/Resolve/AmpShields/AmpShields.png,8453,Heals and shields you cast are 5% stronger and increased by an additional 10% on targets below 40% health.,Revitalize,Heals and shields you cast are 5% stronger and increased by an additional 10% on low health targets.,Heals and shields you cast are 5% stronger and increased by an additional 10% on targets below 40% health.<br><hr><br><scaleAD>Bonus healing</scaleAD>: @f1@<br><scaleAD>Bonus shielding</scaleAD>: @f2@
['Total Bonus AD/AP: @eogvar1@'],/lol-game-data/assets/v1/perk-images/Styles/Sorcery/Roamer/Roamer.png,8232,Gain 25 Movement Speed and an <lol-uikit-tooltipped-keyword key='LinkTooltip_Description_Adaptive'><font color='#48C4B7'>adaptive</font></lol-uikit-tooltipped-keyword> bonus of up to 18 Attack Damage or 30 Ability Power (based on level) when in the river.<br><br><hr></hr><br><i>May you be as swift as the rushing river and agile as a startled Rift Scuttler.</i><br>,Waterwalking,"Gain <lol-uikit-tooltipped-keyword key=""LinkTooltip_Description_MS"">MS</lol-uikit-tooltipped-keyword> and AP or AD, <lol-uikit-tooltipped-keyword key=""LinkTooltip_Description_Adaptive"">adaptive</lol-uikit-tooltipped-keyword> in the river.",Gain 25 Movement Speed and an <lol-uikit-tooltipped-keyword key='LinkTooltip_Description_Adaptive'><font color='#48C4B7'>adaptive</font></lol-uikit-tooltipped-keyword> bonus of up to 18 Attack Damage or 30 Ability Power (based on level) when in the river.
[],/lol-game-data/assets/v1/perk-images/Styles/RunesIcon.png,8414,+130 Health,The Imperious Behemoth,<pathBonus><pathResolve>Resolve</pathResolve> + <pathPrecision>Precision</pathPrecision> Set Bonus</pathBonus>,<pathResolve>Resolve</pathResolve> + <pathPrecision>Precision</pathPrecision><br>+130 Health
[],/lol-game-data/assets/v1/perk-images/Styles/RunesIcon.png,8320,+20% Potion and Elixir Duration<br>+145 Health,The Timeless,<pathBonus><pathInspiration>Inspiration</pathInspiration> + <pathResolve>Resolve</pathResolve> Set Bonus</pathBonus>,<pathInspiration>Inspiration</pathInspiration> + <pathResolve>Resolve</pathResolve><br>+20% Potion and Elixir Duration<br>+145 Health
['Total Health Restored: @eogvar1@'],/lol-game-data/assets/v1/perk-images/Styles/Precision/DangerousGame.png,9111,Takedowns restore 15% of your missing health and grant an additional 25 gold. <br><br><hr></hr><br><i>'The most dangerous game brings the greatest glory.' <br>—Noxian Reckoner</i>,Triumph,"<lol-uikit-tooltipped-keyword key=""LinkTooltip_Description_Takedown"">Takedowns</lol-uikit-tooltipped-keyword> restore 15% of your missing health and grant an additional 25 gold. ",Takedowns restore 15% of your missing health and grant an additional 25 gold. <br><hr><br>Total health restored: <scaledAD>@f1@</scaleAD><br>Total bonus gold granted: <scaledAD>@f2@</scaleAD>
['Total time active: @eogvar1@'],/lol-game-data/assets/v1/perk-images/Styles/Sorcery/FlawlessCombatant/FlawlessCombatant.png,8233,"While above 70% health, gain an <lol-uikit-tooltipped-keyword key='LinkTooltip_Description_Adaptive'><font color='#48C4B7'>adaptive</font></lol-uikit-tooltipped-keyword> bonus of up to 24 Attack Damage or 40 Ability Power (based on level).",Absolute Focus,"While above 70% health, gain extra <lol-uikit-tooltipped-keyword key=""LinkTooltip_Description_AdaptiveDmg"">adaptive damage</lol-uikit-tooltipped-keyword>.","While above 70% health, gain an <lol-uikit-tooltipped-keyword key='LinkTooltip_Description_Adaptive'><font color='#48C4B7'>adaptive</font></lol-uikit-tooltipped-keyword> bonus of up to 24 Attack Damage or 40 Ability Power (based on level).<br><hr><br>Current Bonus: <scaleAD>+@f1@ <scaleAD>Attack Damage</scaleAD></scaleAD>"
[],/lol-game-data/assets/v1/perk-images/Styles/RunesIcon.png,8319,"+20% Potion and Elixir Duration<br>+16 Attack Damage or +27 Ability Power, <lol-uikit-tooltipped-keyword key='LinkTooltip_Description_Adaptive'><font color='#48C4B7'>Adaptive</font></lol-uikit-tooltipped-keyword>",The Stargazer,<pathBonus><pathInspiration>Inspiration</pathInspiration> + <pathSorcery>Sorcery</pathSorcery> Set Bonus</pathBonus>,"<pathInspiration>Inspiration</pathInspiration> + <pathSorcery>Sorcery</pathSorcery><br>+20% Potion and Elixir Duration<br>+16 Attack Damage or +27 Ability Power, <lol-uikit-tooltipped-keyword key='LinkTooltip_Description_Adaptive'><font color='#48C4B7'>Adaptive</font></lol-uikit-tooltipped-keyword><br>Current Bonus: <scaleAD>+@f1@ <scaleAD>Attack Damage</scaleAD></scaleAD>"
['Total Mana Restored: @eogvar1@'],/lol-game-data/assets/v1/perk-images/Styles/Precision/LastResort/LastResortIcon.png,8009,For 5s after gaining a level or takedown any mana you spend is fully restored.,Presence of Mind,For 5s after gaining a level or takedown any mana you spend is fully restored.,For 5s after gaining a level or takedown any mana you spend is fully restored.<br><hr><br>Mana from Leveling: <scaleAD>@f2@</scaleAD><br>Mana from Takedowns: <scaleAD>@f3@</scaleAD>
['Bonus Damage: @eogvar1@'],/lol-game-data/assets/v1/perk-images/Styles/Domination/DashAttack/DashAttack.png,8143,"After exiting stealth or using a dash, leap, blink, or teleport, dealing any damage to a champion grants you 10 Lethality and 8 Magic Penetration for 5s.<br><br>Cooldown: 4s",Sudden Impact,"Gain a burst of Lethality and Magic Penetration after using a dash, leap, blink, teleport, or when leaving stealth.","After exiting stealth or using a dash, leap, blink, or teleport, dealing any damage to a champion grants you 10 Lethality and 8 Magic Penetration for 5s.<br><br>Cooldown: 4s<br><hr><br>Bonus champion damage: @f1@"
['Time Completed: @eogvar1@:@eogvar2@'],/lol-game-data/assets/v1/perk-images/Styles/Precision/Legend_Infamy.png,9103,"Gain 0.8% life steal for every <i>Legend</i> stack (max 10 stacks).<br><br>Earn progress toward <i>Legend</i> stacks for every champion takedown, epic monster takedown, large monster kill, and minion kill.",Legend: Bloodline,"<lol-uikit-tooltipped-keyword key=""LinkTooltip_Description_Takedown"">Takedowns</lol-uikit-tooltipped-keyword> on enemies grant permanent<b> Lifesteal</b>. ","Gain 0.8% life steal for every <i>Legend</i> stack (max 10 stacks).<br><br>Earn progress toward <i>Legend</i> stacks for every champion takedown, epic monster takedown, large monster kill, and minion kill.<br><hr><br>Total Life Steal Granted: <scaleAD>@f1*100@%</scaleAD> (@f3@ of 10)<br>Progress Towards Next Stack: @f2@%"
['Total Bonus Damage: @eogvar1@'],/lol-game-data/assets/v1/perk-images/Styles/Precision/CoupDeGrace/CoupDeGrace.png,8014,"Deal 10% more damage to champions who have less than 40% health.<br><br>Additionally, takedowns on champions grant an <lol-uikit-tooltipped-keyword key='LinkTooltip_Description_Adaptive'><font color='#48C4B7'>adaptive</font></lol-uikit-tooltipped-keyword> bonus of 9 Attack Damage or 15 Ability Power for 10s.",Coup de Grace,Deal more damage to low health enemy champions.,"Deal 10% more damage to champions who have less than 40% health.<br><br>Additionally, takedowns on champions grant an <lol-uikit-tooltipped-keyword key='LinkTooltip_Description_Adaptive'><font color='#48C4B7'>adaptive</font></lol-uikit-tooltipped-keyword> bonus of 9 Attack Damage or 15 Ability Power for 10s.<br><hr><br>Total bonus damage dealt: <scaleAD>@f1@</scaleAD>"
['Total Bonus Damage: @eogvar1@'],/lol-game-data/assets/v1/perk-images/Styles/Sorcery/Spellburn/Spellburn.png,8237,Your next ability hit sets champions on fire dealing 30 - 60 bonus magic damage based on level after 1s.<br><br>Cooldown: 20s,Scorch,Your first ability hit every 20s burns champions.,Your next ability hit sets champions on fire dealing 30 - 60 bonus magic damage based on level after 1s.<br><br>Cooldown: 20s<br><hr><br>Current Damage: @f2@<br>Total Damage Dealt: @f1@
['Total Bonus Damage: @eogvar1@'],/lol-game-data/assets/v1/perk-images/Styles/Resolve/BrickHitHouse/BrickHitHouse.png,8446,"Charge up a powerful attack against a tower over 4s, while within 600 range of it. The charged attack deals 125 (+30% of your max health) bonus physical damage.<br><br>Cooldown: 45s",Demolish,Charge up a powerful attack against a tower while near it.,"Charge up a powerful attack against a tower over 4s, while within 600 range of it. The charged attack deals 125 (+30% of your max health) bonus physical damage.<br><br>Cooldown: 45s<br><hr><br>Cooldown remaining: <scaleAD>@f2@</scaleAD><br>Total bonus damage: <scaleAD>@f1@</scaleAD>"
['Total resource refunded: @eogvar1@'],/lol-game-data/assets/v1/perk-images/Styles/Sorcery/Clearcasting/Clearcasting.png,8226,"Every 60s, your next ability used has its mana or energy cost refunded, and restores 8% of your missing mana or energy.",Manaflow Band,Periodically your next ability used has its mana or energy cost refunded and restores some of your missing mana or energy.,"Every 60s, your next ability used has its mana or energy cost refunded, and restores 8% of your missing mana or energy.<br><hr><br>Total resource restored: @f1@"
[],/lol-game-data/assets/v1/perk-images/Styles/RunesIcon.png,8114,"+11 Attack Damage or +18 Ability Power, <lol-uikit-tooltipped-keyword key='LinkTooltip_Description_Adaptive'><font color='#48C4B7'>Adaptive</font></lol-uikit-tooltipped-keyword>",The Immortal Butcher,<pathBonus><pathDomination>Domination</pathDomination> + <pathResolve>Resolve</pathResolve> Set Bonus</pathBonus>,"<pathDomination>Domination</pathDomination> + <pathResolve>Resolve</pathResolve><br>+11 Attack Damage or +18 Ability Power, <lol-uikit-tooltipped-keyword key='LinkTooltip_Description_Adaptive'><font color='#48C4B7'>Adaptive</font></lol-uikit-tooltipped-keyword><br>Current Bonus: <scaleAD>+@f1@ <scaleAD>Attack Damage</scaleAD></scaleAD>"
"['Total damage: @eogvar1@', 'Total Healing: @eogvar2@']",/lol-game-data/assets/v1/perk-images/Styles/Resolve/KSRuinedKing/KSRuinedKing.png,8437,"Every 4s in combat, your next basic attack on a champion will: <li>Deal bonus magic damage equal to 4% of your max health</li><li>Heal you for 2% of your max health</li><li>Permanently increase your health by 5</li><br><rules><i>Ranged Champions:</i> Damage and healing are halved and gain 2 permanent health instead.</rules>",Grasp of the Undying,"Every 4s your next attack on a champion deals bonus magic damage, heals you, and permanently increases your health.","Every 4s in combat, your next basic attack on a champion will: <li>Deal bonus magic damage equal to 4% of your max health</li><li>Heal you for 2% of your max health</li><li>Permanently increase your health by 5</li><br><rules><i>Ranged Champions:</i> Damage and healing are halved and gain 2 permanent health instead.</rules><br><hr><br>Damage to Champions: <scaleHealth>@f1@</scaleHealth><br>Total Healing: <scaleHealth>@f2@</scaleHealth><br>Total Health Increase: <scaleHealth>@f3.-1@</scaleHealth>"
['Total Damage Dealt: @eogvar1@'],/lol-game-data/assets/v1/perk-images/Styles/Domination/TLords/TLords.png,8112,"Hitting a champion with 3 <b>separate</b> attacks or abilities within 3s deals bonus <lol-uikit-tooltipped-keyword key='LinkTooltip_Description_AdaptiveDmg'><font color='#48C4B7'>adaptive damage</font></lol-uikit-tooltipped-keyword>.<br><br>Damage: 50 - 220 (+0.5 bonus AD, +0.3 AP) damage.<br><br>Cooldown: 50 - 25s<br><br><hr></hr><i>'We called them the Thunderlords, for to speak of their lightning was to invite disaster.'</i>",Electrocute,"Hitting a champion with 3 <b>separate</b> attacks or abilities in 3s deals bonus <lol-uikit-tooltipped-keyword key=""LinkTooltip_Description_AdaptiveDmg"">adaptive damage</lol-uikit-tooltipped-keyword>.",Hitting a champion with 3 <b>separate</b> attacks or abilities within 3s deals bonus <lol-uikit-tooltipped-keyword key='LinkTooltip_Description_AdaptiveDmg'><font color='#48C4B7'>adaptive damage</font></lol-uikit-tooltipped-keyword>.<br>Cooldown: 50 - 25s<br><hr><br>Current damage: @f2@ (<scaleAP>+@f3@</scaleAP>) (<scaleAD>+@f4@</scaleAD>)<br>Total Damage Dealt: <scaleAD>@f1@</scaleAD>
[],/lol-game-data/assets/v1/perk-images/Styles/RunesIcon.png,8318,"+20% Potion and Elixir Duration<br>+16 Attack Damage or +27 Ability Power, <lol-uikit-tooltipped-keyword key='LinkTooltip_Description_Adaptive'><font color='#48C4B7'>Adaptive</font></lol-uikit-tooltipped-keyword>",The Ruthless Visionary,<pathBonus><pathInspiration>Inspiration</pathInspiration> + <pathDomination>Domination</pathDomination> Set Bonus</pathBonus>,"<pathInspiration>Inspiration</pathInspiration> + <pathDomination>Domination</pathDomination><br>+20% Potion and Elixir Duration<br>+16 Attack Damage or +27 Ability Power, <lol-uikit-tooltipped-keyword key='LinkTooltip_Description_Adaptive'><font color='#48C4B7'>Adaptive</font></lol-uikit-tooltipped-keyword><br>Current Bonus: <scaleAD>+@f1@ <scaleAD>Attack Damage</scaleAD></scaleAD>"
['Total Damage to Champions: @eogvar1@'],/lol-game-data/assets/v1/perk-images/Styles/Domination/KSLycanthropy/KSLycanthropy.png,8124,"Enchants your boots with the active effect '<font color='#c60300'>Predator</font>.'<br><br>Channel for 1.5s out of combat to gain 45% movement speed for 15s. Damaging attacks or abilities end this effect, dealing 60 - 180 (+<scaleAD>0.4</scaleAD> bonus AD)(+<scaleAP>0.25</scaleAP> AP) bonus <lol-uikit-tooltipped-keyword key='LinkTooltip_Description_AdaptiveDmg'><font color='#48C4B7'>adaptive damage</font></lol-uikit-tooltipped-keyword>.<br><br>Cooldown: 150s - 100s. Starts the game on cooldown and goes on cooldown if interrupted while channeling.",Predator,"Add an active effect to your boots that grants a large boost of <lol-uikit-tooltipped-keyword key=""LinkTooltip_Description_MS"">MS</lol-uikit-tooltipped-keyword> and causes your next attack or ability to deal bonus <lol-uikit-tooltipped-keyword key=""LinkTooltip_Description_AdaptiveDmg"">adaptive damage</lol-uikit-tooltipped-keyword>.","Enchants your boots with the active effect <font color='#c60300'>Predator</font>.<br><br>Channel for 1.5s without taking or dealing damage to gain <font color='#FFFFFF'>@f8@%</font> increased movement speed for 15s. Damaging attacks or abilities end this effect, dealing <font color='#FFFFFF'>@f3@</font> <font color='#99FF99'>(+@f5@)</font> <font color='#FF8C00'>(+@f4@)</font> bonus damage. <br><br>Cooldown: @f7@s<br><hr><br>Damage Dealt To Champions: @f1@"
"['Gold Granted: @eogvar1@', 'Items Looted: @eogvar2@']",/lol-game-data/assets/v1/perk-images/Styles/Inspiration/KSLooter/KSLooter.png,8359,"After using an ability, your next attack will grant bonus gold if used on a champion. There's a chance you'll also gain a consumable.",Kleptomancy,"After using an ability, your next attack will grant bonus gold if used on a champion. There's a chance you'll also gain a consumable.","After using an ability, your next attack will grant bonus gold if used on a champion. There's a chance you'll also gain a consumable.<br><hr><br>Gold Gained: @f1@<br>Items Looted: @f3@"
['Total Stacks: @eogvar1@'],/lol-game-data/assets/v1/perk-images/Styles/Domination/BigGameHunter/BigGameHunter.png,8134,Gain 10% <b>Active Item CDR</b> plus an additional 6% per <i>Bounty Hunter</i> stack (includes Trinkets).<br><br>Earn a <i>Bounty Hunter</i> stack the first time you get a takedown on each enemy champion.,Ingenious Hunter,"<b>Unique</b> <lol-uikit-tooltipped-keyword key=""LinkTooltip_Description_Takedown"">takedowns</lol-uikit-tooltipped-keyword> grant permanent Active Item <lol-uikit-tooltipped-keyword key=""LinkTooltip_Description_CDR"">CDR</lol-uikit-tooltipped-keyword> (includes Trinkets).",Gain 10% <b>Active Item CDR</b> plus an additional 6% per <i>Bounty Hunter</i> stack (includes Trinkets).<br><br>Earn a <i>Bounty Hunter</i> stack the first time you get a takedown on each enemy champion.<br><hr><br>Stacks earned: @f1@/5
[],/lol-game-data/assets/v1/perk-images/Template/7000.png,7000,,Template,,
['Boots Arrival Time: @eogvar1@:@eogvar2@@eogvar3@'],/lol-game-data/assets/v1/perk-images/Styles/Inspiration/MagicalFootwear/MagicalFootwear.png,8304,"You get free Slightly Magical Boots at 10 min, but you cannot buy boots before then. For each takedown you acquire the boots 30s sooner.<br><br>Slightly Magical Boots give you an additional +10 Movement Speed and upgrade for 50 gold less.",Magical Footwear,"You get free boots at 10 min but you cannot buy boots before then. Each <lol-uikit-tooltipped-keyword key=""LinkTooltip_Description_Takedown"">takedown</lol-uikit-tooltipped-keyword> you get makes your boots come 30s sooner.","You get free Slightly Magical Boots at 10 min, but you cannot buy boots before then. For each takedown you acquire the boots 30s sooner.<br><br>Slightly Magical Boots give you an additional +10 Movement Speed and upgrade for 50 gold less.<br><hr><br><scaleAD>Boots arrival time:</scaleAD> @f1@:@f2@@f3@"
['Bonus Time Enemies Slowed: @eogvar1@s'],/lol-game-data/assets/v1/perk-images/Styles/Inspiration/KSGlacialAugment/KSGlacialAugment.png,8351,"Basic attacking a champion slows them for 2s. The slow increases in strength over its duration.<li><i>Ranged</i>: Ranged attacks slow by up to 20% - 40%</li> <li><i>Melee</i>: Melee attacks slow by up to 40% - 50%</li><br>Slowing a champion with active items shoots a freeze ray through them, freezing the nearby ground for 5s, slowing all units inside by 50%.<br><br>Cooldown: 7-4s per unit",Glacial Augment,"Your first attack against an enemy champion slows them (per unit cooldown). Slowing champions with active items shoots a freeze ray at them, creating a lingering slow zone.","Basic attacking a champion slows them for 2s. The slow increases in strength over its duration.<li><i>Ranged</i>: Ranged attacks slow by up to 20% - 40%</li> <li><i>Melee</i>: Melee attacks slow by up to 40% - 50%</li><br>Slowing a champion with active items shoots a freeze ray through them, freezing the nearby ground for 5s, slowing all units inside by 50%.<br><br>Cooldown: 7-4s per unit<br><hr><br>Time kept enemies slowed: @f1@s"
['--'],/lol-game-data/assets/v1/perk-images/Styles/Inspiration/TheThirdPath/TheThirdPath.png,8339,+100 Health permanently<br>-10% damage to champions and monsters until 10 min<br><br><hr></hr><br><i>'The greatest legends live on in the stars.' <br>—Daphna the Dreamer</i>,Celestial Body,+100 Health permanently<br>-10% damage to champions and monsters until 10 min,+100 Health permanently<br>-10% damage to champions and monsters until 10 min
[],/lol-game-data/assets/v1/perk-images/Styles/RunesIcon.png,8006,+18% Attack Speed,The Eternal Champion,<pathBonus><pathPrecision>Precision</pathPrecision> + <pathResolve>Resolve</pathResolve> Set Bonus</pathBonus>,<pathPrecision>Precision</pathPrecision> + <pathResolve>Resolve</pathResolve><br>+18% Attack Speed
[],/lol-game-data/assets/v1/perk-images/Styles/RunesIcon.png,8416,+130 Health,The Enlightened Titan,<pathBonus><pathResolve>Resolve</pathResolve> + <pathInspiration>Inspiration</pathInspiration> Set Bonus</pathBonus>,<pathResolve>Resolve</pathResolve> + <pathInspiration>Inspiration</pathInspiration><br>+130 Health
['Poros Spawned: @eogvar1@'],/lol-game-data/assets/v1/perk-images/Styles/Domination/ViciousPoro/ViciousPoro.png,8120,"Enter a brush to summon a poro after a brief channel. The poro will stay behind to give you vision until you summon a new one.<br><br>If an enemy enters brush with a poro in it, they scare it away, putting Ghost Poro on a 3s cooldown.<br><br>Poro channel is interrupted if you take damage.",Ghost Poro,"When you enter brush, a poro appears. It will stay behind to give you vision.","Enter a brush to summon a poro after a brief channel. The poro will stay behind to give you vision until you summon a new one.<br><br>If an enemy enters brush with a poro in it, they scare it away, putting Ghost Poro on a 3s cooldown.<br><br>Poro channel is interrupted if you take damage.<br><hr><br>Total poros spawned: <scaleAD>@f1@</scaleAD>"
['Bonus Tenacity per Activation: @eogvar1@'],/lol-game-data/assets/v1/perk-images/Styles/Sorcery/Recharge/Recharge.png,8242,"After casting a Summoner Spell, gain 15% Tenacity and Slow Resistance for 10s. Additionally, gain 10% Tenacity and Slow Resistance for each Summoner Spell on cooldown. ",Unflinching,"After casting a Summoner Spell, gain Tenacity and Slow Resistance for a short duration. Additionally, gain Tenacity and Slow Resistance for each Summoner Spell on cooldown. ","After casting a Summoner Spell, gain 15% Tenacity and Slow Resistance for 10s. Additionally, gain 10% Tenacity and Slow Resistance for each Summoner Spell on cooldown. <br><hr><br>Current Bonus Tenacity: @f1.-1@<br>Current Bonus Slow Resist: @f2@"
[],/lol-game-data/assets/v1/perk-images/Styles/RunesIcon.png,8127,"+11 Attack Damage or +18 Ability Power, <lol-uikit-tooltipped-keyword key='LinkTooltip_Description_Adaptive'><font color='#48C4B7'>Adaptive</font></lol-uikit-tooltipped-keyword>",The Glorious Executioner,<pathBonus><pathDomination>Domination</pathDomination> + <pathPrecision>Precision</pathPrecision> Set Bonus</pathBonus>,"<pathDomination>Domination</pathDomination> + <pathPrecision>Precision</pathPrecision><br>+11 Attack Damage or +18 Ability Power, <lol-uikit-tooltipped-keyword key='LinkTooltip_Description_Adaptive'><font color='#48C4B7'>Adaptive</font></lol-uikit-tooltipped-keyword><br>Current Bonus: <scaleAD>+@f1@ <scaleAD>Attack Damage</scaleAD></scaleAD>"
['Total Bonus Damage: @eogvar1@'],/lol-game-data/assets/v1/perk-images/Styles/Sorcery/ToTheDeath/ToTheDeath.png,8299,Deal 5% - 12% increased damage to champions while you are below 60% health. Max damage gained at 30% health.,Last Stand,Deal more damage to champions while you are low on health.,Deal 5% - 12% increased damage to champions while you are below 60% health. Max damage gained at 30% health.<br><br><rules>Minimum bonus is 5%.<br>Maximum bonus is granted while below 30% health.</rules><br><hr><br>Total bonus damage: <scaleAD>@f1@</scaleAD>
['Total Healing: @eogvar1@'],/lol-game-data/assets/v1/perk-images/Styles/Resolve/SecondWind/SecondWind.png,8444,"After taking damage from an enemy champion, heal for 4% of your missing health +6 over 10s.",Second Wind,After taking damage from an enemy champion heal back some missing health over time. ,"After taking damage from an enemy champion, heal for 4% of your missing health +6 over 10s.<br><hr><br><scaleAD>Total healing: @f1@</scaleAD>"
['Total Ally Healing: @eogvar1@'],/lol-game-data/assets/v1/perk-images/Styles/Resolve/BloodFromStone/BloodFromStone.png,8463,Impairing the movement of an enemy champion marks them for 4s.<br><br>Ally champions who attack marked enemies heal for 5 + 1% of your max health over 2s. ,Font of Life,"<lol-uikit-tooltipped-keyword key=""LinkTooltip_Description_ImpairMov"">Impairing</lol-uikit-tooltipped-keyword> the movement of an enemy champion marks them. Your allies heal when attacking champions you've marked. ",Impairing the movement of an enemy champion marks them for 4s.<br><br>Ally champions who attack marked enemies heal for 5 + 1% of your max health over 2s. 
[],/lol-game-data/assets/v1/perk-images/Styles/RunesIcon.png,8205,"+15 Attack Damage or +25 Ability Power, <lol-uikit-tooltipped-keyword key='LinkTooltip_Description_Adaptive'><font color='#48C4B7'>Adaptive</font></lol-uikit-tooltipped-keyword>",The Incontestable Spellslinger,<pathBonus><pathSorcery>Sorcery</pathSorcery> + <pathPrecision>Precision</pathPrecision> Set Bonus</pathBonus>,"<pathSorcery>Sorcery</pathSorcery> + <pathPrecision>Precision</pathPrecision><br>+15 Attack Damage or +25 Ability Power, <lol-uikit-tooltipped-keyword key='LinkTooltip_Description_Adaptive'><font color='#48C4B7'>Adaptive</font></lol-uikit-tooltipped-keyword><br>Current Bonus: <scaleAD>+@f1@ <scaleAD>Attack Damage</scaleAD></scaleAD>"
['Total Bonus AD/AP: @eogvar1@'],/lol-game-data/assets/v1/perk-images/Styles/Sorcery/ElderGod/ElderGod.png,8236,"Every 10 min gain AP or AD, <lol-uikit-tooltipped-keyword key='LinkTooltip_Description_Adaptive'><font color='#48C4B7'>adaptive</font></lol-uikit-tooltipped-keyword>.<br><br><i>10 min</i>: + 8 AP or 5 AD <br><i>20 min</i>: + 24 AP or 14 AD<br><i>30 min</i>: + 48 AP or 29 AD<br><i>40 min</i>: + 80 AP or 48 AD<br><i>50 min</i>: + 120 AP or 72 AD<br><i>60 min</i>: + 168 AP or 101 AD<br>etc...",Gathering Storm,"Gain increasing amounts of AD or AP, <lol-uikit-tooltipped-keyword key=""LinkTooltip_Description_Adaptive"">adaptive</lol-uikit-tooltipped-keyword> over the course of the game.","Every 10 min gain AP or AD, <lol-uikit-tooltipped-keyword key='LinkTooltip_Description_Adaptive'><font color='#48C4B7'>adaptive</font></lol-uikit-tooltipped-keyword>.<br><br><i>10 min</i>: + 8 AP or 5 AD <br><i>20 min</i>: + 24 AP or 14 AD<br><i>30 min</i>: + 48 AP or 29 AD<br><i>40 min</i>: + 80 AP or 48 AD<br><i>50 min</i>: + 120 AP or 72 AD<br><i>60 min</i>: + 168 AP or 101 AD<br>etc...<br><hr><br>Current Bonus: <scaleAD>+@f1@ <scaleAD>Attack Damage</scaleAD></scaleAD>"
[],/lol-game-data/assets/v1/perk-images/Styles/RunesIcon.png,8007,+18% Attack Speed,The Savant,<pathBonus><pathPrecision>Precision</pathPrecision> + <pathInspiration>Inspiration</pathInspiration> Set Bonus</pathBonus>,<pathPrecision>Precision</pathPrecision> + <pathInspiration>Inspiration</pathInspiration><br>+18% Attack Speed
['Wards Corrupted: @eogvar1@'],/lol-game-data/assets/v1/perk-images/Styles/Domination/ZombieWard/ZombieWard.png,8136,"After killing a ward, a friendly Zombie Ward is raised in its place. Additionally, when your wards expire, they reanimate as Zombie Wards.<br><br>Zombie Wards are visible, last for 180s and don't count towards your ward limit.",Zombie Ward,"After killing a ward, a friendly Zombie Ward is raised in its place. When your wards expire, they also reanimate as Zombie Wards.","After killing a ward, a friendly Zombie Ward is raised in its place. Additionally, when your wards expire, they reanimate as Zombie Wards.<br><br>Zombie Wards are visible, last for 180s and don't count towards your ward limit.<br><hr><br>Wards corrupted: <scaleAD>@f1@</scaleAD>"
['Percent of game active: @eogvar1@%'],/lol-game-data/assets/v1/perk-images/Styles/Resolve/NemMarks/NemMarks.png,8430,"Gain +5 Armor. <br><br>Heal effects from consumables, heals for at least 20 health and shields increase your Armor by 5% for 3s.",Iron Skin,"Gain +5 Armor. <br>Heals, including consumables, increase your Armor by 5% temporarily.","Gain +5 Armor. <br><br>Heal effects from consumables, heals for at least 20 health and shields increase your Armor by 5% for 3s."
[],/lol-game-data/assets/v1/perk-images/Styles/RunesIcon.png,8208,"+15 Attack Damage or +25 Ability Power, <lol-uikit-tooltipped-keyword key='LinkTooltip_Description_Adaptive'><font color='#48C4B7'>Adaptive</font></lol-uikit-tooltipped-keyword>",The Ancient One,<pathBonus><pathSorcery>Sorcery</pathSorcery> + <pathResolve>Resolve</pathResolve> Set Bonus</pathBonus>,"<pathSorcery>Sorcery</pathSorcery> + <pathResolve>Resolve</pathResolve><br>+15 Attack Damage or +25 Ability Power, <lol-uikit-tooltipped-keyword key='LinkTooltip_Description_Adaptive'><font color='#48C4B7'>Adaptive</font></lol-uikit-tooltipped-keyword><br>Current Bonus: <scaleAD>+@f1@ <scaleAD>Attack Damage</scaleAD></scaleAD>"
['Future Purchases: @eogvar1@'],/lol-game-data/assets/v1/perk-images/Styles/Style5/NanaTaxman/NanaTaxman.png,8321,You can enter debt to buy items. The amount you can borrow increases over time.<br><br>Lending Fee: 50 gold<br>Debt limit: 150 + 5/min<br>(Debt doesn't become available until 2 minutes),Future's Market,You can enter debt to buy items.,You can enter debt to buy items. The amount you can borrow increases over time.<br><br>Lending Fee: 50 gold<br><hr><br>Debt limit: Available at 2 minutes<br>Future Purchases: @f3@
[],/lol-game-data/assets/v1/perk-images/Styles/RunesIcon.png,8344,+20% Potion and Elixir Duration<br>+20% Attack Speed,The Virtuoso,<pathBonus><pathInspiration>Inspiration</pathInspiration> + <pathPrecision>Precision</pathPrecision> Set Bonus</pathBonus>,<pathInspiration>Inspiration</pathInspiration> + <pathPrecision>Precision</pathPrecision><br>+20% Potion and Elixir Duration<br>+20% Attack Speed
['Times Hexflashed: @eogvar1@'],/lol-game-data/assets/v1/perk-images/Styles/Inspiration/DontBlink/DontBlink.png,8306,While Flash is on cooldown it is replaced by <i>Hexflash</i>.<br><br><i>Hexflash</i>: Channel for 2s to blink to a new location.<br><br>Cooldown: 20s. Goes on a 10s cooldown when you enter champion combat.,Hextech Flashtraption,"While Flash is on cooldown it is replaced by <i>Hexflash</i>.<br><br><i>Hexflash</i>: Channel, then blink to a new location.",While Flash is on cooldown it is replaced by <i>Hexflash</i>.<br><br><i>Hexflash</i>: Channel for 2s to blink to a new location.<br><br>Cooldown: 20s. Goes on a 10s cooldown when you enter champion combat.
['Total Shielding: @eogvar2@'],/lol-game-data/assets/v1/perk-images/Styles/Precision/Overheal.png,9101,"Excess healing on you becomes a shield, for up to 10% of your total health + 10.<br><br>Shield is built up from 30% of excess self-healing, or 300% of excess healing from allies.",Overheal,Excess healing on you becomes a shield.,"Excess healing on you becomes a shield, for up to 10% of your total health + 10.<br><br>Shield is built up from 30% of excess self-healing, or 300% of excess healing from allies.<br><hr><br><b>Total damage blocked: <scaleAD>@f1@</scaleAD></b>"
['Summoners Swapped: @eogvar1@'],/lol-game-data/assets/v1/perk-images/Styles/Inspiration/KSAlchemicalEsoterica/KSAlchemicalEsoterica.png,8326,"Gain a Summoner Shard at 2 min and another every 6 min after (Max 2 shards).<br><br>While near the shop, you can exchange 1 Summoner Shard to replace a Summoner Spell with a different one. <br><br>Additionally, your Summoner Spell Cooldowns are reduced by 25%.<br><br><rules><i>Smite:</i> Buying Smite won't grant access to Smite items<br>You cannot have two of the same Summoner Spell</rules>",Unsealed Spellbook,Exchange Summoner Shards at the shop to change your Summoner Spells during game. Your Summoner Spells have reduced cooldowns. <br>,"Gain a Summoner Shard at 2 min and another every 6 min after (Max 2 shards).<br><br>While near the shop, you can exchange 1 Summoner Shard to replace a Summoner Spell with a different one. <br><br>Additionally, your Summoner Spell Cooldowns are reduced by 25%.<br><br><rules><i>Smite:</i> Buying Smite won't grant access to Smite items<br>You cannot have two of the same Summoner Spell</rules><br><hr><br>Summoner Shards: @f1@"
